insert into user_info values ('noah@gmail.com', '123456', 'Noah', 'male', 'October 05', 'student', 'None');
insert into user_info values ('jack@gmail.com', '123456', 'Jack', 'male', 'October 05', 'student', 'None');
insert into user_info values ('harry@gmail.com', '123456', 'Harry', 'male', 'October 05', 'student', 'None');
insert into user_info values ('jacob@gmail.com', '123456', 'Jacob', 'male', 'October 05', 'student', 'None');
insert into user_info values ('charlie@gmail.com', '123456', 'Charlie', 'male', 'October 05', 'student', 'None');
insert into user_info values ('thomas@gmail.com', '123456', 'Thomas', 'male', 'October 05', 'student', 'None');
insert into user_info values ('george@gmail.com', '123456', 'George', 'male', 'October 05', 'student', 'None');
insert into user_info values ('oscar@gmail.com', '123456', 'Oscar', 'male', 'October 05', 'student', 'None');
insert into user_info values ('james@gmail.com', '123456', 'James', 'male', 'October 05', 'student', 'None');
insert into user_info values ('william@gmail.com', '123456', 'William', 'male', 'October 05', 'student', 'None');
insert into user_info values ('connor@gmail.com', '123456', 'Connor', 'male', 'October 05', 'student', 'None');
insert into user_info values ('callum@gmail.com', '123456', 'Callum', 'male', 'October 05', 'student', 'None');
insert into user_info values ('kyle@gmail.com', '123456', 'Kyle', 'male', 'October 05', 'student', 'None');
insert into user_info values ('joe@gmail.com', '123456', 'Joe', 'male', 'October 05', 'student', 'None');
insert into user_info values ('reece@gmail.com', '123456', 'Reece', 'male', 'October 05', 'student', 'None');
insert into user_info values ('rhys@gmail.com', '123456', 'Rhys', 'male', 'October 05', 'student', 'None');
insert into user_info values ('damian@gmail.com', '123456', 'Damian', 'male', 'October 05', 'student', 'None');
insert into user_info values ('liam@gmail.com', '123456', 'Liam', 'male', 'October 05', 'student', 'None');
insert into user_info values ('mason@gmail.com', '123456', 'Mason', 'male', 'October 05', 'student', 'None');
insert into user_info values ('ethan@gmail.com', '123456', 'Ethan', 'male', 'October 05', 'student', 'None');
insert into user_info values ('michael@gmail.com', '123456', 'Michael', 'male', 'October 05', 'student', 'None');
insert into user_info values ('alexander@gmail.com', '123456', 'Alexander', 'male', 'October 05', 'student', 'None');
insert into user_info values ('daniel@gmail.com', '123456', 'Daniel', 'male', 'October 05', 'student', 'None');
insert into user_info values ('john@gmail.com', '123456', 'John', 'male', 'October 05', 'student', 'None');
insert into user_info values ('robert@gmail.com', '123456', 'Robert', 'male', 'October 05', 'student', 'None');
insert into user_info values ('david@gmail.com', '123456', 'David', 'male', 'October 05', 'student', 'None');
insert into user_info values ('linda@gmail.com', '123456', 'Linda', 'female', 'October 05', 'student', 'None');
insert into user_info values ('barbara@gmail.com', '123456', 'Barbara', 'female', 'October 05', 'student', 'None');
insert into user_info values ('susan@gmail.com', '123456', 'Susan', 'female', 'October 05', 'student', 'None');
insert into user_info values ('margaret@gmail.com', '123456', 'Margaret', 'female', 'October 05', 'student', 'None');
insert into user_info values ('jessica@gmail.com', '123456', 'Jessica', 'female', 'October 05', 'student', 'None');
insert into user_info values ('sarah@gmail.com', '123456', 'Sarah', 'female', 'October 05', 'student', 'None');
insert into user_info values ('murphy@gmail.com', '123456', 'Murphy', 'female', 'October 05', 'student', 'None');
insert into user_info values ('jones@gmail.com', '123456', 'Jones', 'female', 'October 05', 'student', 'None');
insert into user_info values ('williams@gmail.com', '123456', 'Williams', 'female', 'October 05', 'student', 'None');
insert into user_info values ('brown@gmail.com', '123456', 'Brown', 'female', 'October 05', 'student', 'None');
insert into user_info values ('taylor@gmail.com', '123456', 'Taylor', 'female', 'October 05', 'student', 'None');
insert into user_info values ('davies@gmail.com', '123456', 'Davies', 'female', 'October 05', 'student', 'None');
insert into user_info values ('wilson@gmail.com', '123456', 'Wilson', 'female', 'October 05', 'student', 'None');
insert into user_info values ('evans@gmail.com', '123456', 'Evans', 'female', 'October 05', 'student', 'None');
insert into user_info values ('tom@gmail.com', '123456', 'Tom', 'male', 'October 05', 'student', 'None');
insert into user_info values ('roberts@gmail.com', '123456', 'Roberts', 'female', 'October 05', 'student', 'None');
insert into user_info values ('smith@gmail.com', '123456', 'Smith', 'female', 'October 05', 'student', 'None');
insert into user_info values ('walsh@gmail.com', '123456', 'Walsh', 'female', 'October 05', 'student', 'None');
insert into user_info values ('byrne@gmail.com', '123456', 'Byrne', 'female', 'October 05', 'student', 'None');
insert into user_info values ('lam@gmail.com', '123456', 'Lam', 'female', 'October 05', 'student', 'None');
insert into user_info values ('martin@gmail.com', '123456', 'Martin', 'female', 'October 05', 'student', 'None');

insert into enrol_project (email, project_uuid, user_type) values ('lam@gmail.com', '04a676cc-c968-11e8-b2f6-4c3275989ef5', 'student');
insert into enrol_project (email, project_uuid, user_type) values ('martin@gmail.com', '04a676cc-c968-11e8-b2f6-4c3275989ef5', 'student');
insert into enrol_project (email, project_uuid, user_type) values ('gelbero@gmail.com', '04a676cc-c968-11e8-b2f6-4c3275989ef5', 'student');
insert into enrol_project (email, project_uuid, user_type) values ('thomas@gmail.com', '04a676cc-c968-11e8-b2f6-4c3275989ef5', 'student');
insert into enrol_project (email, project_uuid, user_type) values ('roy@gmail.com', '04a676cc-c968-11e8-b2f6-4c3275989ef5', 'student');
insert into enrol_project (email, project_uuid, user_type) values ('tremblay@gmail.com', '04a676cc-c968-11e8-b2f6-4c3275989ef5', 'student');
insert into enrol_project (email, project_uuid, user_type) values ('byrne@gmail.com', '04a676cc-c968-11e8-b2f6-4c3275989ef5', 'student');
insert into enrol_project (email, project_uuid, user_type) values ('brown@gmail.com', '04a676cc-c968-11e8-b2f6-4c3275989ef5', 'student');
insert into enrol_project (email, project_uuid, user_type) values ('linda@gmail.com', '04a676cc-c968-11e8-b2f6-4c3275989ef5', 'student');
insert into enrol_project (email, project_uuid, user_type) values ('barbara@gmail.com', '04a676cc-c968-11e8-b2f6-4c3275989ef5', 'student');
insert into enrol_project (email, project_uuid, user_type) values ('susan@gmail.com', '04a676cc-c968-11e8-b2f6-4c3275989ef5', 'student');
insert into enrol_project (email, project_uuid, user_type) values ('margaret@gmail.com', '04a676cc-c968-11e8-b2f6-4c3275989ef5', 'student');
insert into enrol_project (email, project_uuid, user_type) values ('jessica@gmail.com', '04a676cc-c968-11e8-b2f6-4c3275989ef5', 'student');
insert into enrol_project (email, project_uuid, user_type) values ('sarah@gmail.com', '04a676cc-c968-11e8-b2f6-4c3275989ef5', 'student');
insert into enrol_project (email, project_uuid, user_type) values ('murphy@gmail.com', '04a676cc-c968-11e8-b2f6-4c3275989ef5', 'student');
insert into enrol_project (email, project_uuid, user_type) values ('jones@gmail.com', '04a676cc-c968-11e8-b2f6-4c3275989ef5', 'student');
insert into enrol_project (email, project_uuid, user_type) values ('williams@gmail.com', '04a676cc-c968-11e8-b2f6-4c3275989ef5', 'student');
insert into enrol_project (email, project_uuid, user_type) values ('taylor@gmail.com', '04a676cc-c968-11e8-b2f6-4c3275989ef5', 'student');
insert into enrol_project (email, project_uuid, user_type) values ('davies@gmail.com', '04a676cc-c968-11e8-b2f6-4c3275989ef5', 'student');
insert into enrol_project (email, project_uuid, user_type) values ('wilson@gmail.com', '04a676cc-c968-11e8-b2f6-4c3275989ef5', 'student');
insert into enrol_project (email, project_uuid, user_type) values ('evans@gmail.com', '04a676cc-c968-11e8-b2f6-4c3275989ef5', 'student');
insert into enrol_project (email, project_uuid, user_type) values ('roberts@gmail.com', '04a676cc-c968-11e8-b2f6-4c3275989ef5', 'student');
insert into enrol_project (email, project_uuid, user_type) values ('smith@gmail.com', '04a676cc-c968-11e8-b2f6-4c3275989ef5', 'student');
insert into enrol_project (email, project_uuid, user_type) values ('walsh@gmail.com', 'a5259728-c967-11e8-8220-4c3275989ef5', 'student');
insert into enrol_project (email, project_uuid, user_type) values ('noah@gmail.com', 'a5259728-c967-11e8-8220-4c3275989ef5', 'student');
insert into enrol_project (email, project_uuid, user_type) values ('jack@gmail.com', 'a5259728-c967-11e8-8220-4c3275989ef5', 'student');
insert into enrol_project (email, project_uuid, user_type) values ('harry@gmail.com', 'a5259728-c967-11e8-8220-4c3275989ef5', 'student');
insert into enrol_project (email, project_uuid, user_type) values ('jacob@gmail.com', 'a5259728-c967-11e8-8220-4c3275989ef5', 'student');
insert into enrol_project (email, project_uuid, user_type) values ('charlie@gmail.com', 'a5259728-c967-11e8-8220-4c3275989ef5', 'student');
insert into enrol_project (email, project_uuid, user_type) values ('george@gmail.com', 'a5259728-c967-11e8-8220-4c3275989ef5', 'student');
insert into enrol_project (email, project_uuid, user_type) values ('oscar@gmail.com', 'a5259728-c967-11e8-8220-4c3275989ef5', 'student');
insert into enrol_project (email, project_uuid, user_type) values ('james@gmail.com', 'a5259728-c967-11e8-8220-4c3275989ef5', 'student');
insert into enrol_project (email, project_uuid, user_type) values ('william@gmail.com', 'a5259728-c967-11e8-8220-4c3275989ef5', 'student');
insert into enrol_project (email, project_uuid, user_type) values ('connor@gmail.com', 'a5259728-c967-11e8-8220-4c3275989ef5', 'student');
insert into enrol_project (email, project_uuid, user_type) values ('callum@gmail.com', 'a5259728-c967-11e8-8220-4c3275989ef5', 'student');
insert into enrol_project (email, project_uuid, user_type) values ('kyle@gmail.com', 'a5259728-c967-11e8-8220-4c3275989ef5', 'student');
insert into enrol_project (email, project_uuid, user_type) values ('joe@gmail.com', 'a5259728-c967-11e8-8220-4c3275989ef5', 'student');
insert into enrol_project (email, project_uuid, user_type) values ('reece@gmail.com', 'a5259728-c967-11e8-8220-4c3275989ef5', 'student');
insert into enrol_project (email, project_uuid, user_type) values ('rhys@gmail.com', 'a5259728-c967-11e8-8220-4c3275989ef5', 'student');
insert into enrol_project (email, project_uuid, user_type) values ('damian@gmail.com', 'a5259728-c967-11e8-8220-4c3275989ef5', 'student');
insert into enrol_project (email, project_uuid, user_type) values ('liam@gmail.com', 'a5259728-c967-11e8-8220-4c3275989ef5', 'student');
insert into enrol_project (email, project_uuid, user_type) values ('mason@gmail.com', 'a5259728-c967-11e8-8220-4c3275989ef5', 'student');
insert into enrol_project (email, project_uuid, user_type) values ('ethan@gmail.com', 'a5259728-c967-11e8-8220-4c3275989ef5', 'student');
insert into enrol_project (email, project_uuid, user_type) values ('michael@gmail.com', 'a5259728-c967-11e8-8220-4c3275989ef5', 'student');
insert into enrol_project (email, project_uuid, user_type) values ('alexander@gmail.com', 'a5259728-c967-11e8-8220-4c3275989ef5', 'student');
insert into enrol_project (email, project_uuid, user_type) values ('daniel@gmail.com', 'a5259728-c967-11e8-8220-4c3275989ef5', 'student');
insert into enrol_project (email, project_uuid, user_type) values ('john@gmail.com', 'a5259728-c967-11e8-8220-4c3275989ef5', 'student');
insert into enrol_project (email, project_uuid, user_type) values ('robert@gmail.com', 'a5259728-c967-11e8-8220-4c3275989ef5', 'student');
insert into enrol_project (email, project_uuid, user_type) values ('david@gmail.com', 'a5259728-c967-11e8-8220-4c3275989ef5', 'student');


insert into groups (group_uuid, group_name, project_uuid, description) values ('115b390f-f50e-4a39-9002-8bb160e2e476', 'Club Win.', '04a676cc-c968-11e8-b2f6-4c3275989ef5', 'Fight coding!');
insert into group_relation values ('lam@gmail.com', '115b390f-f50e-4a39-9002-8bb160e2e476', 0);
insert into group_relation values ('martin@gmail.com', '115b390f-f50e-4a39-9002-8bb160e2e476', 1);
insert into group_relation values ('gelbero@gmail.com', '115b390f-f50e-4a39-9002-8bb160e2e476', 1);
insert into groups (group_uuid, group_name, project_uuid, description) values ('370f053f-68db-4d2e-975b-bc566eed449a', 'Hustle & Flo.', '04a676cc-c968-11e8-b2f6-4c3275989ef5', 'Fight coding!');
insert into group_relation values ('thomas@gmail.com', '370f053f-68db-4d2e-975b-bc566eed449a', 0);
insert into group_relation values ('roy@gmail.com', '370f053f-68db-4d2e-975b-bc566eed449a', 1);
insert into group_relation values ('tremblay@gmail.com', '370f053f-68db-4d2e-975b-bc566eed449a', 1);
insert into groups (group_uuid, group_name, project_uuid, description) values ('d59ee857-c394-420d-9d49-ad160448b676', 'Mental Toss Flycoons.', '04a676cc-c968-11e8-b2f6-4c3275989ef5', 'New star');
insert into group_relation values ('byrne@gmail.com', 'd59ee857-c394-420d-9d49-ad160448b676', 0);
insert into group_relation values ('brown@gmail.com', 'd59ee857-c394-420d-9d49-ad160448b676', 1);
insert into group_relation values ('linda@gmail.com', 'd59ee857-c394-420d-9d49-ad160448b676', 1);
insert into groups (group_uuid, group_name, project_uuid, description) values ('1aadf9c6-123b-4090-b209-ece1891e4467', 'Wonder Women.', '04a676cc-c968-11e8-b2f6-4c3275989ef5', 'fire on the hole');
insert into group_relation values ('murphy@gmail.com', '1aadf9c6-123b-4090-b209-ece1891e4467', 0);
insert into group_relation values ('evans@gmail.com', '1aadf9c6-123b-4090-b209-ece1891e4467', 1);
insert into group_relation values ('wilson@gmail.com', '1aadf9c6-123b-4090-b209-ece1891e4467', 1);
insert into groups (group_uuid, group_name, project_uuid, description) values ('f48a3320-d5cd-40bd-a57b-0cbcf888ba6c', 'Defending Champs.', 'a5259728-c967-11e8-8220-4c3275989ef5', 'NBBBBBB');
insert into group_relation values ('daniel@gmail.com', 'f48a3320-d5cd-40bd-a57b-0cbcf888ba6c', 0);
insert into group_relation values ('rhys@gmail.com', 'f48a3320-d5cd-40bd-a57b-0cbcf888ba6c', 1);
insert into group_relation values ('kyle@gmail.com', 'f48a3320-d5cd-40bd-a57b-0cbcf888ba6c', 1);
insert into groups (group_uuid, group_name, project_uuid, description) values ('2a930e43-051b-44e1-8220-5504ed552efa', 'Smooth Operators.', 'a5259728-c967-11e8-8220-4c3275989ef5', 'WONDER');
insert into group_relation values ('george@gmail.com', '2a930e43-051b-44e1-8220-5504ed552efa', 0);
insert into group_relation values ('joe@gmail.com', '2a930e43-051b-44e1-8220-5504ed552efa', 1);
insert into group_relation values ('james@gmail.com', '2a930e43-051b-44e1-8220-5504ed552efa', 1);
insert into groups (group_uuid, group_name, project_uuid, description) values ('0deeecbb-3dd7-47f8-8022-8ae8748adbb4', 'Tropical Storm.', 'a5259728-c967-11e8-8220-4c3275989ef5', 'MIRROR');
insert into group_relation values ('david@gmail.com', '0deeecbb-3dd7-47f8-8022-8ae8748adbb4', 0);
insert into group_relation values ('alexander@gmail.com', '0deeecbb-3dd7-47f8-8022-8ae8748adbb4', 1);
insert into group_relation values ('ethan@gmail.com', '0deeecbb-3dd7-47f8-8022-8ae8748adbb4', 1);
insert into groups (group_uuid, group_name, project_uuid, description) values ('5b16b189-0e5a-40c4-a9f2-d13b42eb80c7', 'Shooting Stars.', 'a5259728-c967-11e8-8220-4c3275989ef5', 'EXCELL');
insert into group_relation values ('john@gmail.com', '5b16b189-0e5a-40c4-a9f2-d13b42eb80c7', 0);
insert into group_relation values ('mason@gmail.com', '5b16b189-0e5a-40c4-a9f2-d13b42eb80c7', 1);
insert into group_relation values ('connor@gmail.com', '5b16b189-0e5a-40c4-a9f2-d13b42eb80c7', 1);


insert into reminder values ('5e6c4ec2-5d7c-44e0-a0cf-1d948df8afe3', 'lecturer1@gmail.com', 'a5259728-c967-11e8-8220-4c3275989ef5', 'a52e00d4-c967-11e8-8949-4c3275989ef5', 'Phase modification, read instructions.', 'no', '2018-10-09 11:26:57+0');
insert into reminder values ('5cc5cde1-b608-4dde-ae8e-7583164fb808', 'lecturer1@gmail.com', 'a5259728-c967-11e8-8220-4c3275989ef5', 'a53257cc-c967-11e8-9495-4c3275989ef5', 'Task closed, no more submission accpected', 'yes', '2018-10-20 11:26:57+0');
insert into reminder values ('f0891b0e-d920-4993-9e5a-d27f470c5f8e', 'lecturer1@gmail.com', 'a5259728-c967-11e8-8220-4c3275989ef5', 'a52e00d4-c967-11e8-8949-4c3275989ef5', 'Achieves optimal levels of performance and accomplishment ', 'no', '2018-10-10 11:26:57+0');
insert into reminder values ('450a43be-0c38-41eb-9ca4-3ebae905b736', 'lecturer1@gmail.com', 'a5259728-c967-11e8-8220-4c3275989ef5', 'a53257cc-c967-11e8-9495-4c3275989ef5', 'Excels at developing programs', 'yes', '2018-10-20 11:26:57+0');
insert into reminder values ('be980096-58c0-4664-b600-4f40833013ec', 'lecturer1@gmail.com', 'a5259728-c967-11e8-8220-4c3275989ef5', 'a52e00d4-c967-11e8-8949-4c3275989ef5', 'Exceeded the original goal of TASK by 80% through methods given in class', 'no', '2018-10-11 11:26:57+0');
insert into reminder values ('610273b7-3100-42a4-a2a9-c7e6d95fac62', 'lecturer1@gmail.com', 'a5259728-c967-11e8-8220-4c3275989ef5', 'a53257cc-c967-11e8-9495-4c3275989ef5', 'Keeps documents organized via google drive to avoid duplicate information', 'yes', '2018-10-12 11:26:57+0');
